date,open,high,low,close,volume,oi,rsi,rsi_smooth,rsi_flag
2026-02-16 09:15:00,170.05,190.6,168.5,190.6,3900,33540,,,False
2026-02-16 09:20:00,190.6,194.2,188.15,193.5,1560,33540,,,False
2026-02-16 09:25:00,193.5,194.05,184.7,193.05,1365,33215,,,False
2026-02-16 09:30:00,193.3,204.8,193.3,204.8,910,33540,,,False
2026-02-16 09:35:00,204.8,206.9,197.1,197.1,1950,33735,,,False
2026-02-16 09:40:00,197.1,197.1,185.75,185.75,1170,34580,,,False
2026-02-16 09:45:00,185.9,189.85,182.4,184.4,1885,35230,,,False
2026-02-16 09:50:00,184.4,184.9,179.55,183.45,1430,35230,,,False
2026-02-16 09:55:00,183.45,194.3,183.45,193.0,1105,35685,,,False
2026-02-16 10:00:00,193.0,212.0,193.0,207.0,2080,35100,,,False
2026-02-16 10:05:00,207.0,213.3,207.0,211.6,650,35295,,,False
2026-02-16 10:10:00,211.6,229.75,208.75,224.55,11765,37570,,,False
2026-02-16 10:15:00,224.55,230.05,219.8,223.5,1820,36660,,,False
2026-02-16 10:20:00,223.5,223.85,215.25,215.25,2925,37765,,,False
2026-02-16 10:25:00,214.0,218.15,213.8,215.0,910,38285,71.73,,False
2026-02-16 10:30:00,215.0,218.9,214.9,218.9,260,38285,73.33,,False
2026-02-16 10:35:00,216.75,217.4,213.8,213.8,910,38090,67.92,,False
2026-02-16 10:40:00,213.8,218.45,211.6,213.05,2860,39780,67.14,,False
2026-02-16 10:45:00,213.05,217.95,213.05,217.95,1170,39715,69.61,,False
2026-02-16 10:50:00,217.95,217.95,207.8,208.55,390,40885,60.25,,False
2026-02-16 10:55:00,208.55,210.5,208.3,210.0,975,40950,61.12,,False
2026-02-16 11:00:00,210.0,213.0,207.4,207.4,325,40625,58.65,,False
2026-02-16 11:05:00,207.4,216.75,207.4,214.35,195,40755,62.96,,False
2026-02-16 11:10:00,214.35,214.35,212.0,212.0,65,40690,60.66,,False
2026-02-16 11:15:00,212.0,215.8,212.0,215.8,195,40690,63.02,,False
2026-02-16 11:20:00,215.8,220.25,215.8,220.25,845,40625,65.61,,False
2026-02-16 11:25:00,220.25,223.0,211.4,211.4,390,40885,57.03,,False
2026-02-16 11:30:00,211.4,213.35,210.45,211.5,780,40950,57.1,64.01,False
2026-02-16 11:35:00,211.5,211.5,210.0,210.0,65,41080,55.67,62.86,False
2026-02-16 11:40:00,210.0,211.0,210.0,211.0,65,41145,56.46,61.66,False
2026-02-16 11:45:00,209.25,209.25,202.95,207.5,1170,41275,52.93,60.59,False
2026-02-16 11:50:00,207.5,207.5,206.1,206.1,65,41405,51.55,59.47,False
2026-02-16 11:55:00,206.1,210.45,206.1,210.45,325,41470,55.45,58.46,False
2026-02-16 12:00:00,210.45,214.2,210.45,212.3,1560,41600,57.03,58.23,False
2026-02-16 12:05:00,212.3,214.0,212.3,214.0,65,41925,58.49,58.04,True
2026-02-16 12:10:00,214.0,221.0,214.0,218.5,2665,41665,62.16,58.29,True
2026-02-16 12:15:00,218.5,226.15,214.65,223.3,3445,42055,65.65,58.49,True
2026-02-16 12:20:00,223.3,226.85,222.6,224.25,2795,44395,66.31,58.89,True
2026-02-16 12:25:00,224.65,230.15,224.15,227.1,845,44005,68.28,59.27,True
2026-02-16 12:30:00,230.0,235.7,230.0,234.7,4225,44200,72.85,59.78,True
2026-02-16 12:35:00,234.7,235.85,229.55,231.5,3315,43615,68.38,60.59,True
2026-02-16 12:40:00,231.5,233.0,230.4,231.95,260,43680,68.68,61.42,True
2026-02-16 12:45:00,231.95,233.0,226.1,226.1,845,43225,60.84,61.79,False
2026-02-16 12:50:00,226.1,227.0,222.25,227.0,975,43225,61.57,62.16,False
2026-02-16 12:55:00,227.0,227.55,219.6,222.25,650,43680,55.7,62.35,False
2026-02-16 13:00:00,222.25,230.75,222.25,226.75,325,43940,59.62,62.93,False
2026-02-16 13:05:00,226.75,229.35,226.05,229.35,325,43875,61.74,63.38,False
2026-02-16 13:10:00,229.35,231.05,229.35,229.6,260,43810,61.94,63.73,False
2026-02-16 13:15:00,229.6,229.9,226.75,226.75,715,44135,58.1,63.7,False
2026-02-16 13:20:00,226.75,229.4,226.75,229.4,195,44135,60.55,63.59,False
2026-02-16 13:25:00,229.4,233.8,229.4,233.8,390,44005,64.28,63.49,True
2026-02-16 13:30:00,233.8,233.8,227.25,230.0,390,44005,59.08,62.97,False
2026-02-16 13:35:00,230.0,236.0,230.0,236.0,325,44265,64.03,62.67,True
2026-02-16 13:40:00,236.0,236.05,232.0,233.5,1820,44070,60.74,61.8,False
2026-02-16 13:45:00,233.5,235.85,230.0,230.0,2145,44135,56.36,60.94,False
2026-02-16 13:50:00,230.0,233.05,226.7,227.25,2340,43095,53.12,59.83,False
2026-02-16 13:55:00,227.25,227.25,223.9,224.8,1040,44200,50.35,59.08,False
2026-02-16 14:00:00,224.8,231.05,224.8,228.0,325,44265,53.75,58.53,False
2026-02-16 14:05:00,228.0,228.8,222.0,223.2,455,44395,48.4,58.0,False
2026-02-16 14:10:00,223.2,223.2,223.2,223.2,65,44395,48.4,57.2,False
2026-02-16 14:15:00,223.2,232.0,223.2,231.9,975,44330,57.33,56.89,True
2026-02-16 14:20:00,231.9,233.15,231.4,231.4,260,43680,56.72,56.51,True
2026-02-16 14:25:00,231.4,259.45,231.4,254.9,16900,40365,71.83,57.5,True
2026-02-16 14:30:00,254.9,274.15,254.9,274.15,11505,41665,78.46,58.77,True
2026-02-16 14:35:00,273.95,280.9,265.05,267.05,13195,46865,71.75,59.31,True
2026-02-16 14:40:00,267.05,276.0,266.9,275.15,3055,47580,74.44,60.41,True
2026-02-16 14:45:00,274.5,290.95,272.4,286.95,15795,49140,77.76,61.39,True
2026-02-16 14:50:00,287.15,288.4,277.3,280.6,8060,44460,72.32,62.21,True
2026-02-16 14:55:00,280.6,287.9,280.6,284.5,5850,44655,73.54,63.44,True
2026-02-16 15:00:00,284.5,293.95,284.5,292.5,11050,42770,75.9,65.07,True
2026-02-16 15:05:00,291.0,294.55,289.0,291.2,4940,45370,74.73,66.81,True
2026-02-16 15:10:00,291.2,296.0,287.7,294.0,9425,43810,75.6,68.37,True
2026-02-16 15:15:00,294.0,294.0,288.0,291.05,5135,43615,72.76,70.11,True
2026-02-16 15:20:00,290.7,296.25,290.05,293.95,14430,43485,73.8,71.92,True
2026-02-16 15:25:00,293.95,299.9,293.8,296.6,6955,44525,74.75,73.17,True
2026-02-17 09:15:00,290.95,291.0,222.45,228.8,30420,47515,37.41,71.79,False
2026-02-17 09:20:00,226.5,230.4,217.0,218.05,12675,51480,34.47,69.12,False
2026-02-17 09:25:00,217.35,226.1,216.65,223.5,5200,55575,37.17,66.17,False
2026-02-17 09:30:00,223.0,232.05,218.45,230.3,8190,55835,40.46,63.94,False
2026-02-17 09:35:00,231.4,232.3,219.0,232.3,8645,58760,41.43,61.58,False
2026-02-17 09:40:00,232.3,251.05,227.25,250.1,14300,56810,49.35,59.55,False
2026-02-17 09:45:00,248.75,250.2,241.0,246.05,59995,78065,47.77,57.8,False
2026-02-17 09:50:00,245.1,257.05,242.9,255.0,16705,77480,51.47,56.22,False
2026-02-17 09:55:00,254.7,265.0,250.0,259.0,11375,77805,53.08,54.59,False
2026-02-17 10:00:00,258.15,261.25,253.0,254.7,6890,78780,51.12,52.9,False
2026-02-17 10:05:00,254.7,262.05,254.7,258.6,8320,80080,52.82,51.28,True
2026-02-17 10:10:00,258.6,266.3,258.0,264.65,2925,80730,55.41,50.04,True
2026-02-17 10:15:00,265.95,276.75,258.7,272.0,8190,80470,58.39,48.94,True
2026-02-17 10:20:00,273.25,278.65,268.2,272.95,13065,81640,58.77,47.79,True
2026-02-17 10:25:00,272.95,297.25,271.95,295.35,22620,77090,66.6,49.88,True
2026-02-17 10:30:00,295.15,299.0,282.8,283.7,7735,77155,60.2,51.72,True
2026-02-17 10:35:00,283.7,283.7,273.8,276.0,3900,78455,56.34,53.09,True
2026-02-17 10:40:00,276.0,280.15,254.0,256.25,4485,79495,47.88,53.62,False
2026-02-17 10:45:00,255.0,260.85,246.8,259.6,8775,79365,49.27,54.18,False
2026-02-17 10:50:00,259.6,259.6,252.45,255.75,3640,79625,47.69,54.06,False
2026-02-17 10:55:00,255.75,263.6,255.75,262.6,10530,85475,50.72,54.27,False
2026-02-17 11:00:00,263.7,266.4,258.55,263.95,3315,87230,51.31,54.26,False
2026-02-17 11:05:00,263.95,266.55,255.4,263.0,3055,88335,50.85,54.1,False
2026-02-17 11:10:00,264.5,268.35,261.2,268.0,5005,88530,53.26,54.25,False
2026-02-17 11:15:00,268.0,276.6,265.3,273.05,5005,88790,55.62,54.45,True
2026-02-17 11:20:00,273.05,276.25,273.05,273.55,3055,87360,55.86,54.48,True
2026-02-17 11:25:00,273.55,274.15,271.75,273.0,3640,85865,55.51,54.28,True
2026-02-17 11:30:00,273.0,292.35,273.0,290.7,9555,83590,63.51,54.62,True
2026-02-17 11:35:00,290.0,307.95,288.9,296.55,18265,81380,65.7,54.55,True
2026-02-17 11:40:00,297.25,297.95,283.7,289.6,5785,80730,61.01,54.61,True
2026-02-17 11:45:00,289.6,300.0,289.6,298.8,6760,79755,64.61,55.2,True
2026-02-17 11:50:00,298.8,304.35,297.0,301.7,2665,78715,65.69,56.47,True
2026-02-17 11:55:00,301.7,301.7,293.8,298.5,5200,77545,63.4,57.48,True
2026-02-17 12:00:00,298.5,301.0,293.0,293.0,3120,78130,59.55,58.33,True
2026-02-17 12:05:00,293.0,299.0,293.0,299.0,1885,77805,62.24,59.15,True
2026-02-17 12:10:00,299.0,299.0,292.0,295.0,2015,77870,59.4,59.73,False
2026-02-17 12:15:00,295.0,309.0,295.0,305.05,5330,77740,63.86,60.66,True
2026-02-17 12:20:00,305.05,311.0,302.3,307.0,12480,77285,64.67,61.47,True
2026-02-17 12:25:00,309.2,310.55,294.6,295.0,4290,73710,56.3,61.52,False
2026-02-17 12:30:00,295.0,301.1,295.0,299.35,2275,73775,58.4,61.7,False
2026-02-17 12:35:00,299.35,300.1,294.45,300.1,975,73515,58.77,61.94,False
2026-02-17 12:40:00,300.1,301.1,299.4,301.05,520,73450,59.26,61.63,False
2026-02-17 12:45:00,301.05,304.05,300.25,302.45,1820,73840,60.02,61.23,False
2026-02-17 12:50:00,303.5,312.75,301.0,309.8,4615,73320,63.82,61.43,True
2026-02-17 12:55:00,308.65,311.0,296.0,296.7,2080,73450,53.97,60.67,False
2026-02-17 13:00:00,296.7,300.95,287.0,287.0,1625,73385,48.06,59.41,False
2026-02-17 13:05:00,288.3,313.05,285.8,313.05,3835,73645,60.56,59.21,True
2026-02-17 13:10:00,313.05,314.35,298.5,300.7,3250,74100,53.93,58.8,False
2026-02-17 13:15:00,301.1,304.35,297.0,301.6,3900,74230,54.32,58.24,False
2026-02-17 13:20:00,301.6,304.0,298.15,298.65,780,74815,52.74,57.76,False
2026-02-17 13:25:00,298.65,302.0,298.65,302.0,780,74620,54.37,57.08,False
2026-02-17 13:30:00,302.0,310.5,302.0,306.9,2015,74100,56.72,56.52,True
2026-02-17 13:35:00,306.9,310.35,301.8,301.8,2860,73645,53.62,56.33,False
2026-02-17 13:40:00,301.8,309.5,301.8,306.2,1235,73580,55.86,56.14,False
2026-02-17 13:45:00,308.4,309.0,297.15,302.35,3250,73710,53.43,55.76,False
2026-02-17 13:50:00,302.35,302.35,294.9,298.0,845,73710,50.75,55.15,False
2026-02-17 13:55:00,294.0,294.7,282.0,285.0,5590,74555,43.68,53.99,False
2026-02-17 14:00:00,285.0,298.6,283.2,297.05,3445,73970,50.55,53.04,False
2026-02-17 14:05:00,297.05,298.6,289.4,289.4,975,73840,46.66,52.52,False
2026-02-17 14:10:00,289.4,289.4,263.3,267.55,9945,76635,37.73,51.78,False
2026-02-17 14:15:00,267.55,282.05,264.3,280.0,5980,76180,44.27,50.62,False
2026-02-17 14:20:00,280.0,283.0,276.45,276.45,975,76310,42.89,49.83,False
2026-02-17 14:25:00,276.45,281.0,270.85,270.85,2015,76700,40.73,48.86,False
2026-02-17 14:30:00,270.75,281.2,268.05,281.2,2535,76570,46.13,48.39,False
2026-02-17 14:35:00,281.2,297.0,279.0,293.4,5395,75725,51.73,48.2,True
2026-02-17 14:40:00,293.4,294.85,286.65,286.65,2925,75010,48.71,47.62,True
2026-02-17 14:45:00,287.6,287.6,282.65,286.0,2860,74750,48.42,47.25,True
2026-02-17 14:50:00,287.0,289.15,284.3,287.4,2145,74880,49.13,46.77,True
2026-02-17 14:55:00,287.4,289.5,277.4,281.95,2145,74425,46.45,46.27,True
2026-02-17 15:00:00,286.45,295.0,284.6,285.15,6890,74230,48.24,46.09,True
2026-02-17 15:05:00,285.15,292.5,285.15,288.1,2015,74620,49.89,46.54,True
2026-02-17 15:10:00,288.1,289.65,285.65,288.25,2665,74165,49.98,46.5,True
2026-02-17 15:15:00,288.25,292.1,288.25,289.35,6110,74165,50.66,46.78,True
2026-02-17 15:20:00,289.6,291.1,288.85,288.85,4160,72735,50.33,47.68,True
2026-02-17 15:25:00,288.85,289.5,287.65,288.8,7735,71500,50.29,48.11,True
2026-02-18 09:15:00,267.65,299.25,267.6,283.55,50570,88270,46.54,48.37,False
2026-02-18 09:20:00,284.0,284.0,259.9,259.9,21515,91715,34.17,47.91,False
2026-02-18 09:25:00,260.6,279.5,257.7,273.0,11570,99905,43.18,47.69,False
2026-02-18 09:30:00,272.1,278.35,262.65,272.3,8645,102310,42.84,47.06,False
2026-02-18 09:35:00,272.3,282.8,271.9,279.3,9945,102050,47.28,46.96,True
2026-02-18 09:40:00,279.3,285.0,274.7,282.55,8320,102245,49.25,47.02,True
2026-02-18 09:45:00,281.8,282.0,266.95,271.25,6370,104975,43.2,46.59,False
2026-02-18 09:50:00,269.0,272.0,259.45,259.45,8060,104910,37.97,45.99,False
2026-02-18 09:55:00,260.05,260.45,241.0,245.3,34060,111150,32.83,44.89,False
2026-02-18 10:00:00,245.3,246.3,238.0,245.0,38870,131950,32.73,43.66,False
2026-02-18 10:05:00,247.35,250.0,236.95,245.0,35165,132535,32.73,42.43,False
2026-02-18 10:10:00,245.0,251.45,242.35,242.35,91780,191685,31.72,41.08,False
2026-02-18 10:15:00,242.45,250.35,234.0,248.45,27235,191750,36.54,40.09,False
2026-02-18 10:20:00,248.75,250.7,243.2,244.65,11570,190515,34.89,38.99,False
2026-02-18 10:25:00,245.0,245.95,236.0,245.55,18070,192660,35.63,38.21,False
2026-02-18 10:30:00,245.65,248.2,241.1,246.0,35685,196170,36.02,38.34,False
2026-02-18 10:35:00,246.15,253.55,240.0,240.0,32435,191880,33.12,37.62,False
2026-02-18 10:40:00,241.1,243.3,237.65,239.7,10660,198120,32.98,36.92,False
2026-02-18 10:45:00,239.7,248.4,238.9,247.4,16640,193635,40.12,36.41,True
2026-02-18 10:50:00,247.4,256.0,245.05,252.05,23725,193765,44.0,36.03,True
2026-02-18 10:55:00,251.5,262.35,250.0,259.95,20930,188435,49.94,36.52,True
2026-02-18 11:00:00,261.1,265.2,256.9,261.05,91325,135200,50.72,37.43,True
2026-02-18 11:05:00,260.2,262.9,256.8,259.9,6110,134810,49.84,38.64,True
2026-02-18 11:10:00,259.9,263.0,250.35,260.3,17810,124995,50.17,39.89,True
2026-02-18 11:15:00,260.3,261.25,247.9,249.9,17290,130585,42.5,40.58,True
2026-02-18 11:20:00,249.9,255.6,247.55,248.35,7995,132405,41.48,41.28,True
2026-02-18 11:25:00,248.65,257.0,241.65,255.15,12545,133380,47.43,42.06,True
2026-02-18 11:30:00,255.15,269.45,251.65,266.35,20345,134160,55.46,43.53,True
2026-02-18 11:35:00,265.3,268.3,254.8,256.9,13390,133055,48.7,44.46,True
2026-02-18 11:40:00,257.0,259.1,244.15,249.6,15860,134485,44.22,45.05,False
2026-02-18 11:45:00,249.6,250.0,246.0,247.85,5135,136565,43.19,45.77,False
2026-02-18 11:50:00,247.85,251.35,246.45,251.35,7605,134810,45.9,46.69,False
2026-02-18 11:55:00,250.95,256.2,249.3,256.2,4940,135070,49.48,47.36,True
2026-02-18 12:00:00,256.2,262.9,254.0,255.5,13065,133640,48.98,47.72,True
2026-02-18 12:05:00,255.5,264.1,254.3,262.45,4680,133640,54.0,48.0,True
2026-02-18 12:10:00,262.45,263.35,256.65,260.55,6305,132600,52.48,48.13,True
2026-02-18 12:15:00,261.65,268.2,259.55,259.55,17290,131820,51.66,48.26,True
2026-02-18 12:20:00,260.0,269.45,259.0,267.2,15535,130455,57.19,48.76,True
2026-02-18 12:25:00,267.3,268.9,255.2,263.5,10465,129285,53.97,49.58,True
2026-02-18 12:30:00,261.3,270.15,260.0,266.5,12415,128505,56.13,50.63,True
2026-02-18 12:35:00,267.2,272.8,264.75,271.2,18850,129805,59.35,51.48,True
2026-02-18 12:40:00,271.2,272.3,263.5,271.35,13065,131235,59.45,51.76,True
2026-02-18 12:45:00,271.9,272.9,263.65,263.65,3640,131040,52.2,52.01,True
2026-02-18 12:50:00,263.65,271.15,261.4,270.0,5525,130845,56.87,52.92,True
2026-02-18 12:55:00,269.5,275.2,265.95,274.4,6370,130585,59.8,54.1,True
2026-02-18 13:00:00,274.4,281.3,264.1,275.3,23985,129415,60.39,55.14,True
2026-02-18 13:05:00,275.5,275.5,270.5,271.35,3445,126685,56.46,55.64,True
2026-02-18 13:10:00,271.35,274.4,265.85,273.65,4095,126620,58.17,56.29,True
2026-02-18 13:15:00,275.0,280.65,270.85,277.65,52130,114790,61.03,56.8,True
2026-02-18 13:20:00,277.15,283.2,274.4,277.5,9425,111020,60.86,57.4,True
2026-02-18 13:25:00,277.5,277.5,267.95,270.95,4615,107900,53.87,57.55,False
2026-02-18 13:30:00,270.95,276.3,270.95,273.25,4030,107510,55.79,57.45,False
2026-02-18 13:35:00,273.9,275.85,269.55,271.05,7020,107055,53.5,57.42,False
2026-02-18 13:40:00,271.05,275.0,269.5,272.0,2470,106210,54.37,57.29,False
2026-02-18 13:45:00,272.0,280.7,271.8,276.85,14105,103935,58.64,57.24,True
2026-02-18 13:50:00,276.85,282.55,262.5,262.85,9035,101335,45.43,56.24,False
2026-02-18 13:55:00,261.05,271.2,260.7,268.9,13000,98475,50.61,56.13,False
2026-02-18 14:00:00,268.9,271.05,266.2,269.35,8905,97955,50.98,55.71,False
2026-02-18 14:05:00,270.9,275.2,270.75,275.2,4355,95875,55.66,55.41,True
2026-02-18 14:10:00,275.2,296.7,274.6,296.1,20540,93340,67.58,55.92,True
2026-02-18 14:15:00,298.0,309.4,289.35,309.4,24440,92170,72.62,57.08,True
2026-02-18 14:20:00,309.75,329.2,307.95,327.0,24830,88530,77.59,58.47,True
2026-02-18 14:25:00,326.35,329.6,317.25,320.15,6500,86450,72.1,59.26,True
2026-02-18 14:30:00,320.15,325.0,312.0,314.6,9945,84500,67.92,59.76,True
2026-02-18 14:35:00,314.0,322.55,313.5,314.0,7995,82485,67.46,60.73,True
2026-02-18 14:40:00,314.0,316.85,311.2,313.6,3250,83200,67.14,61.54,True
2026-02-18 14:45:00,313.6,316.1,308.1,314.2,4225,83200,67.39,62.54,True
2026-02-18 14:50:00,315.9,322.5,314.4,316.0,6435,82290,68.18,63.52,True
2026-02-18 14:55:00,317.75,322.3,317.75,319.4,2665,81835,69.67,64.31,True
2026-02-18 15:00:00,325.0,340.05,323.0,329.05,6695,79105,73.48,66.31,True
2026-02-18 15:05:00,329.05,333.75,324.3,332.9,3315,78520,74.84,68.04,True
2026-02-18 15:10:00,331.8,332.0,326.1,329.3,3575,78455,71.17,69.49,True
2026-02-18 15:15:00,329.35,331.75,323.6,324.95,13390,76310,66.9,70.29,False
2026-02-18 15:20:00,324.75,329.0,324.65,328.65,6760,73125,68.63,70.36,False
2026-02-18 15:25:00,328.5,330.0,326.75,328.9,14690,72540,68.75,70.09,False
2026-02-19 09:15:00,328.9,346.5,323.55,334.7,18785,68380,71.44,69.65,True
2026-02-19 09:20:00,335.2,349.2,333.45,335.0,9230,66430,71.58,69.61,True
2026-02-19 09:25:00,335.0,335.0,311.0,312.35,18070,67080,51.55,68.44,False
2026-02-19 09:30:00,314.5,314.5,304.35,305.65,7605,61100,47.33,67.0,False
2026-02-19 09:35:00,305.65,311.65,291.4,297.75,8190,61490,42.87,65.27,False
2026-02-19 09:40:00,297.8,301.05,294.0,294.6,4875,65065,41.21,63.4,False
2026-02-19 09:45:00,294.6,310.75,292.55,310.75,7605,66820,51.59,62.22,False
2026-02-19 09:50:00,308.0,309.0,293.85,294.7,4615,66885,43.39,60.34,False
2026-02-19 09:55:00,294.7,298.55,288.65,290.25,3640,69160,41.42,58.05,False
2026-02-19 10:00:00,290.25,298.2,287.0,298.2,4875,69810,46.12,56.0,False
2026-02-19 10:05:00,298.2,301.0,292.0,293.85,2925,69485,44.04,54.06,False
2026-02-19 10:10:00,293.85,293.85,278.0,280.5,5395,70525,38.32,52.02,False
2026-02-19 10:15:00,281.6,287.05,278.0,281.75,6175,77090,39.12,49.91,False
2026-02-19 10:20:00,281.0,286.3,276.6,283.05,4160,79235,39.99,47.86,False
2026-02-19 10:25:00,283.05,283.05,271.6,279.7,8775,83265,38.47,45.5,False
2026-02-19 10:30:00,279.7,283.05,273.0,274.55,7865,79950,36.19,42.97,False
2026-02-19 10:35:00,274.55,278.35,263.3,265.25,9490,84565,32.44,41.61,False
2026-02-19 10:40:00,264.0,270.85,260.55,269.05,13325,92625,35.38,40.75,False
2026-02-19 10:45:00,269.05,269.85,266.0,269.0,3120,93990,35.36,40.22,False
2026-02-19 10:50:00,269.0,273.25,267.1,272.6,5005,94380,38.31,40.01,False
2026-02-19 10:55:00,272.95,276.0,268.0,275.55,4420,93925,40.7,39.23,True
2026-02-19 11:00:00,274.55,278.45,270.9,274.8,5785,91845,40.27,39.01,True
2026-02-19 11:05:00,274.8,278.0,270.3,270.3,6435,92755,37.72,38.75,False
2026-02-19 11:10:00,270.3,275.25,263.0,263.75,2925,88075,34.3,37.9,False
2026-02-19 11:15:00,263.25,266.65,256.5,257.0,20540,104195,31.18,36.98,False
2026-02-19 11:20:00,257.0,259.65,243.1,244.2,16120,107640,26.28,36.12,False
2026-02-19 11:25:00,244.85,251.0,244.5,248.35,19760,116870,30.11,35.48,False
2026-02-19 11:30:00,246.0,249.65,243.5,247.8,17680,127465,29.89,34.76,False
2026-02-19 11:35:00,247.8,247.8,240.0,246.5,11050,132730,29.34,34.11,False
2026-02-19 11:40:00,246.5,247.5,239.25,245.5,12155,135330,28.9,33.58,False
2026-02-19 11:45:00,244.15,245.05,235.95,241.5,18395,141310,27.14,33.21,False
2026-02-19 11:50:00,240.45,242.2,237.0,240.0,19760,151060,26.49,32.57,False
2026-02-19 11:55:00,240.4,243.0,237.05,240.8,23140,163735,27.49,32.01,False
2026-02-19 12:00:00,240.05,240.45,230.0,236.05,36465,171340,25.3,31.08,False
2026-02-19 12:05:00,237.25,237.9,227.0,227.8,114075,217555,22.01,29.74,False
2026-02-19 12:10:00,226.0,226.2,216.25,216.85,49920,223600,18.56,28.19,False
2026-02-19 12:15:00,216.8,221.5,212.8,219.75,72475,223470,22.05,27.07,False
2026-02-19 12:20:00,219.35,225.7,217.8,222.6,37180,240890,25.42,26.44,False
2026-02-19 12:25:00,222.6,226.5,218.9,222.95,14105,242970,25.85,26.06,False
2026-02-19 12:30:00,222.05,224.65,218.0,220.45,14885,242450,24.76,25.95,False
2026-02-19 12:35:00,220.2,221.95,207.0,208.65,41665,245960,20.41,25.26,False
2026-02-19 12:40:00,208.65,213.75,201.0,205.25,38155,259025,19.35,24.51,False
2026-02-19 12:45:00,204.95,208.8,202.8,208.8,17160,264875,23.79,24.11,False
2026-02-19 12:50:00,208.8,216.25,207.55,211.2,17940,263315,26.72,23.95,True
2026-02-19 12:55:00,211.2,215.1,211.2,214.1,5915,266370,30.21,24.17,True
2026-02-19 13:00:00,214.1,215.1,210.7,215.0,18330,266695,31.31,24.52,True
2026-02-19 13:05:00,215.0,223.95,214.3,223.8,17940,263315,41.04,25.48,True
2026-02-19 13:10:00,222.95,224.4,219.7,223.3,25025,264810,40.69,26.58,True
2026-02-19 13:15:00,221.35,221.35,214.2,218.95,18200,265070,37.66,27.7,True
2026-02-19 13:20:00,218.95,225.0,216.95,222.75,15210,267995,41.74,29.36,True
2026-02-19 13:25:00,223.25,224.2,212.5,221.7,17875,270270,40.94,30.71,True
2026-02-19 13:30:00,221.15,221.15,202.55,208.0,29965,273650,32.27,31.2,True
2026-02-19 13:35:00,207.4,214.0,205.0,210.6,16315,272675,35.08,31.86,True
2026-02-19 13:40:00,210.6,214.8,206.25,208.75,8970,275080,34.0,32.52,True
2026-02-19 13:45:00,209.5,210.95,198.8,203.3,23985,276185,30.97,33.27,False
2026-02-19 13:50:00,203.75,203.8,194.35,201.1,25545,282100,29.82,34.02,False
2026-02-19 13:55:00,200.5,201.5,190.5,190.85,16445,283725,25.12,34.11,False
2026-02-19 14:00:00,191.5,193.45,182.8,183.85,45955,290290,22.51,33.81,False
2026-02-19 14:05:00,183.65,191.5,181.55,191.5,45565,307255,30.95,33.86,False
2026-02-19 14:10:00,191.5,195.1,188.15,192.85,35425,319865,32.35,33.94,False
2026-02-19 14:15:00,193.95,199.15,191.65,198.7,30290,322140,38.2,33.74,True
2026-02-19 14:20:00,198.5,203.1,192.15,197.85,29835,325390,37.69,33.52,True
2026-02-19 14:25:00,197.85,197.85,180.65,181.6,32695,339430,29.56,32.94,False
2026-02-19 14:30:00,181.75,191.3,181.75,188.95,10985,343460,36.26,32.55,True
2026-02-19 14:35:00,189.35,192.0,186.7,189.4,14235,343135,36.65,32.24,True
2026-02-19 14:40:00,188.8,190.35,171.0,171.45,32435,334230,28.92,32.01,False
2026-02-19 14:45:00,171.3,173.05,161.45,168.3,86775,340600,27.81,31.49,False
2026-02-19 14:50:00,167.55,169.4,164.55,164.95,25870,337610,26.64,30.96,False
2026-02-19 14:55:00,164.95,168.0,160.0,164.0,21775,343005,26.3,30.63,False
2026-02-19 15:00:00,164.0,164.0,144.95,154.2,51155,333580,23.05,30.14,False
2026-02-19 15:05:00,154.2,155.4,138.05,148.15,39390,332020,21.3,29.87,False
2026-02-19 15:10:00,148.25,151.8,143.15,143.8,54080,314340,20.12,29.7,False
2026-02-19 15:15:00,144.05,145.0,132.0,135.25,48555,302250,18.01,28.78,False
2026-02-19 15:20:00,135.0,136.0,129.25,132.0,44850,297310,17.26,27.7,False
2026-02-19 15:25:00,131.9,132.55,126.5,130.45,53690,298025,16.9,26.18,False
2026-02-20 09:15:00,138.9,150.0,121.45,142.15,125580,323635,28.9,25.55,True
2026-02-20 09:20:00,142.55,146.75,128.0,128.35,64805,335335,24.42,25.18,False
2026-02-20 09:25:00,127.9,131.45,118.0,118.15,43160,346255,21.74,24.14,False
2026-02-20 09:30:00,119.25,145.2,118.5,143.6,41600,357955,39.57,24.35,True
2026-02-20 09:35:00,144.5,147.95,138.65,144.85,37375,357305,40.29,25.16,True
2026-02-20 09:40:00,144.05,152.25,138.0,149.85,34710,365560,43.2,26.26,True
2026-02-20 09:45:00,149.85,164.1,146.9,161.7,58825,363155,49.49,27.9,True
2026-02-20 09:50:00,161.25,169.35,158.0,163.05,53495,364845,50.17,29.6,True
2026-02-20 09:55:00,163.5,172.25,160.0,170.25,38025,366145,53.73,31.79,True
2026-02-20 10:00:00,170.15,170.45,158.75,160.5,28925,369785,48.66,33.75,True
2026-02-20 10:05:00,160.5,166.45,144.65,151.15,43160,374400,44.33,35.48,True
2026-02-20 10:10:00,150.9,162.4,149.8,154.3,40625,373230,46.07,37.48,True
2026-02-20 10:15:00,152.8,178.35,152.8,176.35,45370,368030,56.35,40.27,True
2026-02-20 10:20:00,176.55,184.7,174.0,180.6,48100,361010,58.01,43.21,True
2026-02-20 10:25:00,181.0,193.05,180.95,186.25,80665,348205,60.18,45.44,True
2026-02-20 10:30:00,186.7,203.5,186.7,201.35,111670,342615,65.33,48.37,True
2026-02-20 10:35:00,201.35,207.0,196.55,207.0,41015,340470,67.05,51.6,True
2026-02-20 10:40:00,207.0,224.75,204.35,219.0,113360,325650,70.4,53.8,True
2026-02-20 10:45:00,220.7,222.75,204.3,210.15,65325,329160,65.14,55.58,True
2026-02-20 10:50:00,209.6,214.65,202.0,210.75,29120,329160,65.33,57.16,True
2026-02-20 10:55:00,210.65,213.6,200.25,205.4,33215,328640,62.09,58.06,True
2026-02-20 11:00:00,206.05,210.8,198.2,205.9,67470,341510,62.28,58.92,True
2026-02-20 11:05:00,205.4,210.45,197.1,202.6,45500,338715,60.15,59.38,True
2026-02-20 11:10:00,201.0,210.55,196.6,198.4,21060,340795,57.47,60.01,False
2026-02-20 11:15:00,199.9,209.65,199.9,203.5,22230,340535,59.81,61.12,False
2026-02-20 11:20:00,203.5,209.4,196.45,200.5,46800,344240,57.79,61.96,False
2026-02-20 11:25:00,200.5,216.6,198.0,208.6,52195,340795,61.57,62.33,False
2026-02-20 11:30:00,207.3,218.05,204.25,211.5,42315,334815,62.85,62.67,True
2026-02-20 11:35:00,211.5,217.4,207.35,214.65,15925,335140,64.24,62.96,True
2026-02-20 11:40:00,214.65,217.85,211.95,213.85,23725,337350,63.59,62.84,True
2026-02-20 11:45:00,213.75,227.05,206.9,212.5,80665,327080,62.44,62.51,False
2026-02-20 11:50:00,211.85,215.3,203.1,206.15,33020,326755,57.19,61.57,False
2026-02-20 11:55:00,206.15,221.85,204.5,213.25,32955,320710,61.12,61.28,False
2026-02-20 12:00:00,213.85,217.25,202.7,207.9,30550,321750,56.88,60.68,False
2026-02-20 12:05:00,207.9,210.2,203.9,208.05,28860,324675,56.97,60.31,False
2026-02-20 12:10:00,209.5,216.1,207.6,214.4,15275,323310,60.72,60.2,True
2026-02-20 12:15:00,214.4,235.85,213.9,232.95,157495,317590,69.16,60.84,True
2026-02-20 12:20:00,233.15,245.0,232.05,239.45,112840,298610,71.48,61.84,True
2026-02-20 12:25:00,239.3,249.95,237.45,244.9,67405,299130,73.29,62.81,True
2026-02-20 12:30:00,246.0,248.95,236.1,238.65,68315,292240,67.96,63.53,True
2026-02-20 12:35:00,238.85,242.5,232.4,233.45,35100,297050,63.8,63.69,True
2026-02-20 12:40:00,235.0,235.75,214.9,216.25,56355,304525,52.39,62.94,False
2026-02-20 12:45:00,216.25,226.1,210.0,216.9,66885,312000,52.74,62.12,False
2026-02-20 12:50:00,216.9,220.9,212.65,220.1,39520,325715,54.48,61.47,False
2026-02-20 12:55:00,218.7,218.95,200.0,208.95,54665,328250,47.86,60.43,False
2026-02-20 13:00:00,208.95,214.95,201.6,205.35,36205,337155,45.91,59.63,False
2026-02-20 13:05:00,204.1,205.0,189.25,191.5,55315,340925,39.31,58.07,False
2026-02-20 13:10:00,191.55,195.85,177.0,189.0,77220,342420,38.24,56.74,False
2026-02-20 13:15:00,189.0,193.6,180.85,187.6,23920,348010,37.62,55.35,False
2026-02-20 13:20:00,187.6,192.0,181.5,190.85,20020,351325,40.04,53.88,False
2026-02-20 13:25:00,189.5,198.6,186.55,194.95,49790,360555,43.04,52.01,False
2026-02-20 13:30:00,194.75,204.0,193.9,204.0,31070,364260,49.1,50.41,False
2026-02-20 13:35:00,203.5,211.45,195.3,199.9,65715,376025,46.68,48.51,False
2026-02-20 13:40:00,199.9,202.3,187.5,197.85,29575,378820,45.47,46.91,False
2026-02-20 13:45:00,198.7,205.05,193.9,199.45,37830,380185,46.63,45.68,True
2026-02-20 13:50:00,199.45,202.45,194.25,194.3,18135,380185,43.43,45.04,False
2026-02-20 13:55:00,193.85,213.25,193.05,212.0,45240,379535,54.9,45.19,True
2026-02-20 14:00:00,211.95,218.5,206.6,206.6,57655,381615,51.47,44.98,True
2026-02-20 14:05:00,205.9,212.6,198.4,210.55,35100,382265,53.75,45.4,True
2026-02-20 14:10:00,209.8,212.6,205.45,208.85,23595,387660,52.6,45.88,True
2026-02-20 14:15:00,208.85,222.25,208.85,220.55,102115,383890,59.06,47.29,True
2026-02-20 14:20:00,219.4,223.95,211.1,214.0,56485,383240,54.58,48.46,True
2026-02-20 14:25:00,214.0,214.35,203.3,203.4,60645,377130,48.2,49.21,False
2026-02-20 14:30:00,203.4,213.25,201.4,211.0,30615,377650,52.49,50.1,True
2026-02-20 14:35:00,210.15,218.75,207.95,215.3,28665,375180,54.77,50.94,True
2026-02-20 14:40:00,215.15,230.0,213.1,224.3,61360,366470,59.18,51.66,True
2026-02-20 14:45:00,225.55,241.15,223.45,238.35,126490,354250,64.94,52.96,True
2026-02-20 14:50:00,238.35,238.35,217.25,226.15,72085,347295,57.37,53.81,True
2026-02-20 14:55:00,226.15,234.1,224.0,234.1,43225,348790,60.59,54.81,True
2026-02-20 15:00:00,232.35,234.15,202.8,205.75,76895,352170,46.97,55.06,False
2026-02-20 15:05:00,205.6,207.35,188.65,192.85,77870,364845,42.3,54.16,False
2026-02-20 15:10:00,192.1,195.0,187.95,191.75,32955,368225,41.92,53.48,False
2026-02-20 15:15:00,191.4,195.4,179.2,181.55,48945,370630,38.45,52.39,False
2026-02-20 15:20:00,182.2,193.05,172.95,192.9,76830,373035,44.01,51.77,False
2026-02-20 15:25:00,191.7,192.45,180.8,182.7,73450,385970,40.47,50.45,False
2026-02-23 09:15:00,227.95,251.4,210.0,247.0,357565,377650,61.47,50.94,True
2026-02-23 09:20:00,249.1,276.25,247.4,273.0,167440,365430,66.6,52.25,True
2026-02-23 09:25:00,272.0,285.5,269.15,284.25,89570,316485,68.56,53.4,True
2026-02-23 09:30:00,284.9,291.0,272.4,276.2,71435,305695,65.6,54.17,True
2026-02-23 09:35:00,276.2,293.7,267.0,267.35,66820,303615,62.42,54.41,True
2026-02-23 09:40:00,267.4,276.85,264.75,272.2,33345,297960,63.46,54.3,True
2026-02-23 09:45:00,273.2,283.05,266.8,276.45,46410,277550,64.4,54.8,True
2026-02-23 09:50:00,278.25,280.7,256.15,261.7,32110,279435,58.77,54.67,True
2026-02-23 09:55:00,262.0,275.0,257.15,268.05,40885,287105,60.38,55.63,True
2026-02-23 10:00:00,268.0,271.45,261.0,268.0,19760,288470,60.36,56.92,True
2026-02-23 10:05:00,268.0,270.05,257.8,264.7,23985,279370,58.98,58.14,True
2026-02-23 10:10:00,264.7,265.55,247.65,256.8,23595,279695,55.69,59.37,False
2026-02-23 10:15:00,256.55,268.8,252.25,263.3,22685,282945,57.77,60.35,False
2026-02-23 10:20:00,263.3,265.7,255.0,262.8,22750,284375,57.55,61.57,False
2026-02-23 10:25:00,262.8,262.8,243.45,248.8,29965,282620,51.51,60.86,False
2026-02-23 10:30:00,248.8,251.7,241.75,248.0,21645,285805,51.18,59.76,False
2026-02-23 10:35:00,247.8,252.0,236.6,240.1,26455,286715,47.91,58.28,False
2026-02-23 10:40:00,239.4,240.55,220.9,223.4,60385,300625,41.83,56.59,False
2026-02-23 10:45:00,222.75,230.9,217.4,225.3,141700,322660,42.72,55.18,False
2026-02-23 10:50:00,225.85,236.6,225.0,232.8,78780,331500,46.22,53.95,False
2026-02-23 10:55:00,233.05,237.0,230.2,231.55,41795,336050,45.72,52.61,False
2026-02-23 11:00:00,231.6,244.3,231.0,237.0,71760,334880,48.35,51.87,False
2026-02-23 11:05:00,236.7,238.05,218.35,237.15,77870,335335,48.43,51.02,False
2026-02-23 11:10:00,237.6,247.0,230.6,245.65,81055,337415,52.58,50.46,True
2026-02-23 11:15:00,245.65,248.0,231.4,231.9,57850,329680,46.11,49.54,False
2026-02-23 11:20:00,231.8,236.25,225.5,230.0,37830,337480,45.28,48.8,False
2026-02-23 11:25:00,228.8,230.75,222.5,226.0,56810,351975,43.51,47.78,False
2026-02-23 11:30:00,226.0,227.8,221.6,223.4,33540,369135,42.35,46.69,False
2026-02-23 11:35:00,223.0,232.0,222.0,230.05,65845,381550,46.3,46.32,False
2026-02-23 11:40:00,229.9,230.85,225.55,230.55,33085,389740,46.59,45.99,True
2026-02-23 11:45:00,229.85,231.6,208.35,217.6,108745,391495,40.38,45.46,False
2026-02-23 11:50:00,217.6,226.15,205.15,222.15,146250,439270,43.25,45.56,False
2026-02-23 11:55:00,222.15,224.9,215.35,216.85,39585,425750,40.79,45.42,False
2026-02-23 12:00:00,216.0,225.0,214.6,224.0,51610,435370,45.3,45.35,False
2026-02-23 12:05:00,223.1,230.65,221.0,224.65,97500,426855,45.71,45.35,True
2026-02-23 12:10:00,224.7,229.9,216.75,224.2,51285,428350,45.46,45.15,True
2026-02-23 12:15:00,222.0,235.0,220.95,230.8,82680,430820,49.81,45.24,True
2026-02-23 12:20:00,229.4,230.0,215.7,218.0,64350,424645,42.69,44.54,False
2026-02-23 12:25:00,218.0,220.25,214.65,215.65,56290,442130,41.52,44.21,False
2026-02-23 12:30:00,215.8,219.25,206.8,219.0,60970,449540,43.89,44.11,False
2026-02-23 12:35:00,219.0,222.7,215.95,220.35,65780,447785,44.86,44.21,True
2026-02-23 12:40:00,220.65,231.9,219.0,231.9,69225,436020,52.42,44.93,True
2026-02-23 12:45:00,231.75,234.8,221.7,223.55,82485,425815,47.36,45.0,True
2026-02-23 12:50:00,223.3,226.4,211.1,217.7,90935,440830,44.15,44.83,False
2026-02-23 12:55:00,216.9,218.0,205.5,206.05,63115,458705,38.54,44.7,False
2026-02-23 13:00:00,206.3,208.45,201.75,206.05,98085,481325,38.54,44.36,False
2026-02-23 13:05:00,206.3,212.0,205.7,208.0,60775,493675,40.02,44.31,False
2026-02-23 13:10:00,208.0,212.15,201.5,204.0,66690,500500,38.0,43.78,False
2026-02-23 13:15:00,203.0,211.75,198.0,207.9,180960,558350,41.12,43.46,False
2026-02-23 13:20:00,207.45,211.9,205.7,209.45,50635,561275,42.36,43.23,False
2026-02-23 13:25:00,209.9,215.75,207.0,215.75,96720,551915,47.23,43.05,True
2026-02-23 13:30:00,215.9,223.0,207.0,207.55,166010,495625,42.23,43.02,False
2026-02-23 13:35:00,207.8,213.8,206.65,210.9,60515,512265,44.8,43.25,True
2026-02-23 13:40:00,211.1,223.2,205.0,220.5,137345,530790,51.47,43.79,True
2026-02-23 13:45:00,219.35,222.0,211.9,214.0,100685,525330,47.3,43.97,True
2026-02-23 13:50:00,213.4,217.9,212.0,212.45,27755,539695,46.34,43.53,True
2026-02-23 13:55:00,212.9,216.4,203.95,204.05,79560,571350,41.42,43.11,False
2026-02-23 14:00:00,203.65,208.25,187.0,195.45,165230,576810,37.07,42.6,False
2026-02-23 14:05:00,194.7,202.15,191.2,195.45,101790,612950,37.07,42.5,False
2026-02-23 14:10:00,195.8,200.05,188.6,196.35,94575,632255,37.86,42.45,False
2026-02-23 14:15:00,196.65,205.0,191.6,203.25,117650,638560,43.71,42.71,True
2026-02-23 14:20:00,203.0,207.2,200.5,205.5,95030,646165,45.5,43.25,True
2026-02-23 14:25:00,205.75,220.8,200.0,220.8,160355,616070,55.84,44.3,True
2026-02-23 14:30:00,221.0,243.1,219.8,237.8,506155,520325,64.01,45.85,True
2026-02-23 14:35:00,238.5,245.0,226.6,231.3,120445,479180,59.48,46.72,True
2026-02-23 14:40:00,230.85,233.7,211.95,222.0,99255,444210,53.63,47.54,True
2026-02-23 14:45:00,220.9,239.0,219.85,237.3,130780,459875,60.51,48.66,True
2026-02-23 14:50:00,237.85,237.85,221.45,226.05,62985,449800,54.15,48.85,True
2026-02-23 14:55:00,225.9,228.65,218.0,220.6,38285,457275,51.33,49.14,True
2026-02-23 15:00:00,225.8,246.0,224.35,240.5,171470,441025,59.59,50.08,True
2026-02-23 15:05:00,240.35,246.9,228.3,230.5,78780,413985,54.58,51.02,True
2026-02-23 15:10:00,231.25,240.0,228.8,235.7,46475,410085,56.62,52.42,True
2026-02-23 15:15:00,235.6,246.7,235.55,241.3,55380,393185,58.77,53.97,True
2026-02-23 15:20:00,240.4,241.2,230.0,240.45,37960,378885,58.3,55.43,True
2026-02-23 15:25:00,239.45,240.0,231.85,232.15,56355,375505,53.76,56.15,False
2026-02-24 09:15:00,196.85,196.85,161.0,161.0,528385,494585,31.26,55.13,False
2026-02-24 09:20:00,161.3,163.4,147.9,152.25,306020,535340,29.62,53.26,False
2026-02-24 09:25:00,152.45,157.35,147.05,148.95,179725,608335,29.0,50.76,False
2026-02-24 09:30:00,148.95,151.0,134.85,136.5,308035,648505,26.73,48.42,False
2026-02-24 09:35:00,136.55,142.95,135.0,136.85,213395,664755,26.9,46.51,False
2026-02-24 09:40:00,136.2,139.65,128.85,135.95,194935,693615,26.73,44.1,False
2026-02-24 09:45:00,136.25,144.8,134.45,142.5,185835,691925,30.28,42.39,False
2026-02-24 09:50:00,142.5,142.7,134.75,139.65,94965,717860,29.61,40.84,False
2026-02-24 09:55:00,139.3,142.4,138.5,139.25,80665,723320,29.51,38.69,False
2026-02-24 10:00:00,139.1,141.4,135.65,139.3,142220,747760,29.54,36.9,False
2026-02-24 10:05:00,139.05,144.0,137.6,138.1,104130,740545,29.2,34.94,False
2026-02-24 10:10:00,138.2,139.0,127.3,127.8,282360,787995,26.39,32.63,False
2026-02-24 10:15:00,128.8,133.9,124.65,133.25,162370,838565,30.21,30.62,False
2026-02-24 10:20:00,133.4,136.15,130.15,130.7,108615,855140,29.44,28.89,True
2026-02-24 10:25:00,130.1,132.95,129.15,130.3,71435,855075,29.32,28.75,True
2026-02-24 10:30:00,130.65,135.25,130.65,133.15,71630,865995,31.57,28.89,True
2026-02-24 10:35:00,132.95,135.2,132.65,134.05,44850,861445,32.3,29.12,True
2026-02-24 10:40:00,133.35,136.05,130.0,130.5,99320,867750,30.9,29.42,True
2026-02-24 10:45:00,130.45,131.8,121.2,121.2,124670,886080,27.52,29.47,False
2026-02-24 10:50:00,121.75,124.75,118.3,120.3,132535,913250,27.21,29.5,False
2026-02-24 10:55:00,120.15,123.0,119.1,122.0,59930,935870,28.84,29.4,False
2026-02-24 11:00:00,122.05,125.5,120.7,124.9,43095,939900,31.65,29.54,True
2026-02-24 11:05:00,124.9,128.55,122.5,127.6,74815,956540,34.26,29.88,True
2026-02-24 11:10:00,127.65,133.8,126.35,131.35,155025,951080,37.81,30.47,True
2026-02-24 11:15:00,131.5,135.0,127.5,130.6,74035,953745,37.37,31.06,True
2026-02-24 11:20:00,130.9,135.2,129.0,130.35,84695,954005,37.22,31.83,True
2026-02-24 11:25:00,130.55,135.0,129.3,134.0,70980,963365,41.03,32.6,True
2026-02-24 11:30:00,134.75,135.0,126.15,127.8,59150,959205,36.93,33.14,True
2026-02-24 11:35:00,128.4,135.5,126.9,134.3,60385,971945,43.32,34.14,True
2026-02-24 11:40:00,134.3,135.6,123.15,123.15,112190,989235,36.49,34.49,True
2026-02-24 11:45:00,123.3,124.7,120.5,123.2,86710,990990,36.54,34.79,True
2026-02-24 11:50:00,123.45,123.75,120.0,120.1,56420,1014000,34.77,35.07,False
2026-02-24 11:55:00,120.3,122.0,113.55,114.35,104910,1035710,31.71,35.37,False
2026-02-24 12:00:00,113.65,115.55,110.5,112.85,120575,1050075,30.94,35.63,False
2026-02-24 12:05:00,113.0,117.5,111.2,113.15,99320,1067495,31.3,35.81,False
2026-02-24 12:10:00,112.8,115.0,109.2,113.15,138255,1066650,31.3,35.79,False
2026-02-24 12:15:00,113.15,113.15,109.75,110.5,73710,1071980,29.72,35.46,False
2026-02-24 12:20:00,110.45,110.45,98.05,99.15,206115,1095770,24.12,34.48,False
2026-02-24 12:25:00,99.3,103.4,98.8,102.35,109980,1118780,28.23,33.83,False
2026-02-24 12:30:00,102.15,104.55,101.85,103.8,63505,1140880,30.08,33.32,False
2026-02-24 12:35:00,104.5,107.1,104.15,105.65,54665,1146015,32.46,32.71,False
2026-02-24 12:40:00,105.65,106.3,102.7,104.15,50765,1135745,31.52,32.32,False
2026-02-24 12:45:00,104.15,104.6,98.9,99.55,145600,1141855,28.77,31.28,False
2026-02-24 12:50:00,99.45,100.7,98.5,100.65,106145,1201915,30.34,30.84,False
2026-02-24 12:55:00,100.4,101.9,99.8,100.9,59345,1214330,30.71,30.43,True
2026-02-24 13:00:00,101.2,104.45,99.6,104.25,57135,1222975,35.68,30.49,True
2026-02-24 13:05:00,103.95,104.65,101.65,103.45,32435,1227590,35.03,30.73,True
2026-02-24 13:10:00,103.15,105.9,102.3,103.05,52650,1225120,34.69,31.0,True
2026-02-24 13:15:00,102.9,105.5,101.2,104.3,54665,1224340,36.75,31.39,True
2026-02-24 13:20:00,104.7,104.7,97.55,97.55,78130,1232400,31.06,31.37,False
2026-02-24 13:25:00,97.3,101.6,94.0,94.95,109850,1255280,29.19,31.33,False
2026-02-24 13:30:00,94.9,95.2,85.05,86.3,311870,1292720,24.01,31.32,False
2026-02-24 13:35:00,86.3,93.7,85.4,92.85,197665,1280955,33.62,31.71,True
2026-02-24 13:40:00,93.1,93.1,89.3,91.4,100815,1313780,32.64,31.89,True
2026-02-24 13:45:00,91.45,94.1,90.95,91.45,50375,1308970,32.71,31.91,True
2026-02-24 13:50:00,91.45,94.4,90.0,93.75,68120,1315470,36.15,32.24,True
2026-02-24 13:55:00,93.8,99.9,93.8,98.9,206635,1272375,43.15,33.27,True
2026-02-24 14:00:00,99.15,99.95,92.85,94.95,131495,1267500,39.56,33.92,True
2026-02-24 14:05:00,95.3,99.8,93.45,99.35,84175,1269580,45.04,34.95,True
2026-02-24 14:10:00,99.4,105.75,98.75,105.3,205725,1277705,51.44,36.07,True
2026-02-24 14:15:00,105.15,106.45,98.45,104.05,147810,1275040,50.12,37.15,True
2026-02-24 14:20:00,104.05,104.85,95.4,98.0,119990,1281800,44.2,37.83,True
2026-02-24 14:25:00,98.15,103.0,97.5,99.65,82745,1302275,46.07,38.5,True
2026-02-24 14:30:00,99.5,101.65,95.2,97.25,118755,1298765,43.78,39.41,True
2026-02-24 14:35:00,97.35,103.65,97.35,101.35,71370,1315275,48.5,40.79,True
2026-02-24 14:40:00,101.0,102.8,94.25,94.25,130325,1310465,41.93,42.06,False
2026-02-24 14:45:00,93.85,98.9,92.0,98.65,171665,1346865,46.75,43.0,True
2026-02-24 14:50:00,99.0,103.25,98.45,101.0,186160,1318590,49.17,44.18,True
2026-02-24 14:55:00,101.0,104.45,99.1,102.45,119600,1316250,50.66,45.47,True
2026-02-24 15:00:00,103.45,105.6,94.75,95.55,160160,1294865,44.04,46.03,False
2026-02-24 15:05:00,95.3,98.45,93.9,95.45,113295,1308970,43.95,46.09,False
2026-02-24 15:10:00,95.05,98.5,95.0,97.8,130780,1317225,46.69,46.6,True
2026-02-24 15:15:00,97.8,102.3,95.4,101.7,293020,1332760,50.99,47.02,True
2026-02-24 15:20:00,101.75,102.2,97.95,100.6,290940,1302015,49.77,46.9,True
2026-02-24 15:25:00,100.65,101.0,97.7,100.3,429520,1315015,49.43,46.85,True
2026-02-25 09:15:00,106.65,133.0,106.65,124.9,4145765,2724670,68.69,48.6,True
2026-02-25 09:20:00,125.55,131.55,121.35,130.25,3576430,3556410,71.26,50.4,True
2026-02-25 09:25:00,130.15,137.55,127.3,134.45,3677700,3680625,73.12,52.5,True
2026-02-25 09:30:00,134.35,134.45,122.2,130.2,3370185,4240210,68.3,53.91,True
2026-02-25 09:35:00,130.3,130.7,122.3,124.3,2057965,4702035,62.17,55.36,True
2026-02-25 09:40:00,124.0,129.8,117.9,118.4,2105545,4861805,56.69,56.07,True
2026-02-25 09:45:00,118.3,129.5,118.05,123.4,2465385,5092490,59.92,56.83,True
2026-02-25 09:50:00,123.55,128.95,115.0,122.95,2325375,5216770,59.49,57.47,True
2026-02-25 09:55:00,123.0,134.75,120.95,133.6,3691675,5157685,65.74,59.02,True
2026-02-25 10:00:00,134.1,143.4,131.2,140.6,5490095,5092230,69.11,60.81,True
2026-02-25 10:05:00,140.85,145.5,139.6,143.55,3718325,4962100,70.44,62.51,True
2026-02-25 10:10:00,144.0,150.3,139.45,148.5,3637205,4654130,72.56,64.05,True
2026-02-25 10:15:00,149.1,169.95,148.9,154.75,7280130,4375475,75.0,65.85,True
2026-02-25 10:20:00,154.8,160.35,152.25,152.85,2622035,4568590,72.88,67.53,True
2026-02-25 10:25:00,153.6,157.5,153.05,154.75,1486160,4959500,73.68,67.88,True
2026-02-25 10:30:00,155.55,158.4,153.15,156.45,1966055,5128695,74.41,68.11,True
2026-02-25 10:35:00,156.9,163.85,147.05,154.3,3796845,5214560,71.7,68.01,True
2026-02-25 10:40:00,154.55,154.8,146.35,147.45,1768520,5088005,63.75,67.68,False
2026-02-25 10:45:00,147.35,150.55,141.45,143.25,2036580,5278650,59.4,67.48,False
2026-02-25 10:50:00,143.35,149.15,139.55,140.9,2250625,5494255,57.06,67.51,False
2026-02-25 10:55:00,140.8,145.0,136.2,137.75,1897090,5788770,53.98,67.09,False
2026-02-25 11:00:00,137.8,145.15,135.85,137.5,2267265,6179030,53.73,66.67,False
2026-02-25 11:05:00,137.65,145.3,137.2,142.25,1729910,6176105,57.7,66.1,False
2026-02-25 11:10:00,142.1,146.2,134.3,137.5,2351050,6217055,52.82,64.94,False
2026-02-25 11:15:00,137.4,139.95,130.7,133.0,2078180,6238505,48.62,63.38,False
2026-02-25 11:20:00,133.15,136.0,127.95,133.45,1899560,6362135,49.06,61.7,False
2026-02-25 11:25:00,133.25,136.0,130.0,132.9,1922635,6615375,48.52,59.81,False
2026-02-25 11:30:00,133.0,134.95,127.75,131.9,1624350,6750380,47.49,57.99,False
2026-02-25 11:35:00,132.2,135.9,131.2,132.4,1042275,6631560,48.08,56.17,False
2026-02-25 11:40:00,132.35,132.5,124.15,129.65,2395835,6431685,45.07,54.07,False
2026-02-25 11:45:00,130.65,138.8,130.4,138.45,3090425,6781710,54.82,52.86,True
2026-02-25 11:50:00,138.5,138.9,128.0,129.45,2068560,6936800,45.86,51.59,False
2026-02-25 11:55:00,129.6,129.85,121.9,125.95,1956240,6916910,42.92,50.41,False
2026-02-25 12:00:00,125.7,131.1,124.95,129.85,1778920,6997055,46.99,49.69,False
2026-02-25 12:05:00,130.0,132.0,126.0,130.6,1271985,6961045,47.77,49.25,False
2026-02-25 12:10:00,130.2,132.8,124.95,129.25,1455025,6965270,46.45,48.73,False
2026-02-25 12:15:00,128.5,134.35,126.65,127.7,1533935,7010770,44.93,47.81,False
2026-02-25 12:20:00,127.7,129.9,120.1,125.55,1721460,6982170,42.83,47.1,False
2026-02-25 12:25:00,125.6,125.65,120.2,121.55,971230,7182045,39.16,46.42,False
2026-02-25 12:30:00,121.2,123.2,97.8,98.05,4244890,6849635,25.39,44.73,False
2026-02-25 12:35:00,98.15,98.95,89.6,94.3,3796780,6824350,23.95,42.98,False
2026-02-25 12:40:00,94.35,95.45,88.25,90.0,2118935,7010120,22.37,41.18,False
2026-02-25 12:45:00,89.95,89.95,79.35,79.55,2756000,6736275,19.09,39.11,False
2026-02-25 12:50:00,79.2,86.15,78.5,80.5,2077725,6788145,20.24,37.34,False
2026-02-25 12:55:00,80.8,84.3,79.0,80.0,1117090,6845540,20.07,34.86,False
2026-02-25 13:00:00,79.95,80.05,72.3,78.95,2040155,6795490,19.72,32.99,False
2026-02-25 13:05:00,79.45,81.0,75.45,78.25,1145950,6811285,19.47,31.32,False
2026-02-25 13:10:00,78.35,81.4,77.35,77.45,981370,6865105,19.18,29.33,False
2026-02-25 13:15:00,77.65,81.75,77.15,80.15,840840,6864520,23.41,27.59,False
2026-02-25 13:20:00,80.35,81.25,75.35,75.9,1006395,7016750,21.5,25.81,False
2026-02-25 13:25:00,75.8,77.25,70.95,76.65,1488955,6969170,22.7,24.22,False
2026-02-25 13:30:00,76.5,79.05,75.5,75.5,899925,7050940,22.14,22.74,False
2026-02-25 13:35:00,75.5,79.6,75.15,76.8,793390,7011095,24.4,21.69,True
2026-02-25 13:40:00,76.8,77.2,74.0,74.45,535535,7075770,23.1,21.52,True
2026-02-25 13:45:00,74.7,78.7,72.25,77.55,813605,7091045,28.53,21.85,True
2026-02-25 13:50:00,77.4,78.9,74.85,77.8,563290,7103590,28.97,22.32,True
2026-02-25 13:55:00,77.75,78.9,76.2,77.6,542100,7098585,28.81,23.02,True
2026-02-25 14:00:00,77.55,77.55,70.0,72.55,1101490,7089485,25.23,23.37,True
2026-02-25 14:05:00,72.55,74.0,68.65,70.85,1008345,7007520,24.14,23.66,True
2026-02-25 14:10:00,70.7,77.0,70.55,75.15,847015,6929520,32.12,24.55,True
2026-02-25 14:15:00,75.35,85.6,74.5,84.35,1566825,6914440,45.37,26.4,True
2026-02-25 14:20:00,84.4,86.5,82.15,86.4,1079260,6917105,47.81,28.44,True
